-- Adminer 4.8.1 MySQL 11.0.2-MariaDB-1:11.0.2+maria~ubu2204 dump

SET NAMES utf8;
SET time_zone = '+00:00';
SET foreign_key_checks = 0;
SET sql_mode = 'NO_AUTO_VALUE_ON_ZERO';

DROP TABLE IF EXISTS `categorie`;
CREATE TABLE `categorie` (
  `id` bigint(20) NOT NULL AUTO_INCREMENT,
  `libelle` text DEFAULT NULL,
  `description` text DEFAULT NULL,
  PRIMARY KEY (`id`)
) ENGINE=InnoDB DEFAULT CHARSET=utf8mb3 COLLATE=utf8mb3_general_ci;

INSERT INTO `categorie` (`id`, `libelle`, `description`) VALUES
(1,	'Jeux-Vidéo',	'La catégorie goat'),
(2,	'Sport',	'bah Honnetement c\'est surcoté'),
(3,	'Flutter',	'Bah quoi faut un raté dans la vie'),
(4,	'Science fiction',	'c\'est fun fun de s\'immaginer des trucs');

DROP TABLE IF EXISTS `utilisateur`;
CREATE TABLE `utilisateur` (
  `pseudo` varchar(255) DEFAULT NULL,
  `nom` varchar(255) DEFAULT NULL,
  `prenom` varchar(255) DEFAULT NULL,
  `mail` varchar(255) NOT NULL,
  `mdp` varchar(255) NOT NULL,
  `admin` tinyint(1) NOT NULL DEFAULT 0,
  `id` varchar(255) NOT NULL,
  PRIMARY KEY (`id`),
  UNIQUE KEY `tilisateur_pseudo_key` (`mail`),
  UNIQUE KEY `utilisateur_id_key` (`id`)
) ENGINE=InnoDB DEFAULT CHARSET=utf8mb3 COLLATE=utf8mb3_general_ci;

INSERT INTO `utilisateur` (`pseudo`, `nom`, `prenom`, `mail`, `mdp`, `admin`, `id`) VALUES
('Plausible',	'Maylin',	'Rilays',	'test@gmail.com',	'$2y$12$vG57ah1cpNGsPQxPMJCsGugccENLTEiK.41qkDuxw/vuVmbrUe3je',	0,	'00c0c49e4128ca4be0ec0cb1fa60d13e90cf9c1ce908c6ef0311feab5b82eae9'),
('Blaid',	'Loup',	'Chasseur',	'eldenring@fromsoftware.com',	'$2y$12$HkqgEtPWy8xf86F65VbLCO5tDyJNuM/.3GvH5trzoKz0ofYij0.fi',	0,	'266a5cccb45fcc09b16dfc7e94f3129832b7695ccb3a95b74dd40857a9bbfcb7'),
('DJ_m0m0',	'Demarque',	'Amaury',	'amau.dem70@gmail.com',	'$2y$12$0BCS3mKSgAM17KI5nvX0iOOmxRwhL7ESBJSc7WderMg5NMDw2jOO6',	0,	'3c1aec426e5e6644f072c6e89013ec37388ec2344fde481e9e6c5734f9b85297'),
('Paimon',	'Piplette',	'Cassecroute',	'genshin@impact.paimon',	'$2y$12$FXgBGbh0ykd3lSFl8rWQjeWqOCMUsy4TdxpeDJFf8CU6AjoV4JIpe',	0,	'572d39ef344ea6c504b5f66e46be7cc749c676d2f9d9ceff43c27c6aaa5a10dd'),
('Ford',	'Volkswagen',	'Peugeot',	'clementoudin3@gmail.com',	'$2y$12$I59yT.F5TicBWzc8nnUAEekhdr7lnmCRDUG/fI1na5XjeU0kTIcta',	1,	'6cf23b9d5d0e2660e6c75c9f4a933508108f5b4928f4f60abf40efe0861f9ec3'),
('Test',	'Vent',	'Jean',	'vengeance@orange.fr',	'$2y$12$iSx3e.ddrTHAiGscArAKpu0KsKrSy274oxI/kZuKRgGpsXJmCejem',	0,	'9fffdd9471b43e1769c2b3758a581917dd1aae8779ac11fb2e50b809d41f5592'),
('Sonic',	'Sonic',	'Sonic',	'sonic@hedgehog.net',	'$2y$12$RYjx9ltfKIZ4TVYnclRKqutcunEGHjEhOgPmoOYiIsPoB/.Blp3ei',	0,	'a11ef05f220af1d6be0683fdc94a6e54ac4fca8d95b37d2709bdd71a093f6023'),
('Mysk',	'Bouchard',	'Gérar',	'Admin@adm.com',	'$2y$12$SWsgEl5PNH.srtfRPb/7OuIppaIAATCYoO51eE0F53Uc1CtAGu9z6',	1,	'bd0723565955cdb8704d30f52d47dd53238a0605f8f6eb1d47fea610f34befcb');

DROP TABLE IF EXISTS `article`;
CREATE TABLE `article` (
  `id` bigint(20) NOT NULL AUTO_INCREMENT,
  `titre` text DEFAULT NULL,
  `resume` text DEFAULT NULL,
  `contenu` text DEFAULT NULL,
  `date_de_publication` datetime DEFAULT NULL,
  `date_de_creation` datetime DEFAULT NULL,
  `image` text DEFAULT NULL,
  `cat_id` bigint(20) DEFAULT NULL,
  `auteur` varchar(255) NOT NULL,
  PRIMARY KEY (`id`),
  KEY `article_auteur_fkey` (`auteur`),
  KEY `article_cat_id_fkey` (`cat_id`),
  CONSTRAINT `article_auteur_fkey` FOREIGN KEY (`auteur`) REFERENCES `utilisateur` (`id`),
  CONSTRAINT `article_cat_id_fkey` FOREIGN KEY (`cat_id`) REFERENCES `categorie` (`id`)
) ENGINE=InnoDB DEFAULT CHARSET=utf8mb3 COLLATE=utf8mb3_general_ci;

INSERT INTO `article` (`id`, `titre`, `resume`, `contenu`, `date_de_publication`, `date_de_creation`, `image`, `cat_id`, `auteur`) VALUES
(1,	'vrg',	'zvre',	'azra',	'2022-08-12 00:00:00',	'2022-08-13 00:00:00',	'https://media.istockphoto.com/id/517188688/fr/photo/paysage-de-montagne.jpg?s=612x612&w=0&k=20&c=pB4ewEznPPXu63-wemLp-I9O6zZmKWbsFKpyNBiMXiU=',	1,	'6cf23b9d5d0e2660e6c75c9f4a933508108f5b4928f4f60abf40efe0861f9ec3'),
(2,	'salut les gens',	'cest la vie',	'Lorem ipsum dolor sit amet, consectetur adipiscing elit. In sit amet pulvinar lorem. Sed pretium, lorem eget condimentum placerat, quam elit consectetur magna, nec lacinia turpis massa eu enim. Mauris cursus velit justo, in iaculis orci interdum vel. Vestibulum et ante quis nunc bibendum vestibulum. Nulla sit amet rhoncus ipsum. Sed pharetra scelerisque justo nec pretium. Donec pellentesque tortor quis erat consectetur, eu volutpat massa consequat.\r\n\r\nPellentesque dignissim, lorem eleifend malesuada tempus, ante velit varius felis, non luctus mauris risus nec massa. Suspendisse vestibulum elit ac pulvinar rutrum. Vestibulum eleifend nibh ac enim vestibulum dignissim. Phasellus pellentesque mattis molestie. Curabitur dignissim imperdiet ullamcorper. Aenean ac ligula vel felis interdum gravida id eu massa. In interdum mi bibendum, ultricies arcu sed, vehicula ligula. Aenean rhoncus, nibh ut rhoncus pharetra, quam risus mollis orci, quis mollis lacus ante non magna. Nam tincidunt sodales purus sit amet aliquam. Duis bibendum hendrerit aliquam. Mauris volutpat massa vel augue iaculis imperdiet.\r\n\r\nAenean et interdum erat. Nulla facilisi. Curabitur efficitur ornare urna vitae ornare. Sed non ante eget lacus consequat vestibulum. Praesent ultricies blandit lacus pharetra egestas. Mauris ultrices molestie risus, non condimentum sapien imperdiet sed. Aliquam imperdiet, tellus vestibulum sagittis viverra, est quam bibendum arcu, eget ultricies purus tortor a ante. Vestibulum lobortis leo at erat tristique sagittis. Etiam sit amet pellentesque magna. Praesent iaculis vehicula dapibus. Morbi eu imperdiet magna, tempus aliquam magna. Sed a tristique neque. Suspendisse placerat tempor fermentum. Curabitur non consectetur lectus, et aliquet sem.\r\n\r\nNunc eget neque nec velit condimentum viverra. Morbi a euismod nulla. Sed vestibulum purus eros. Donec vel blandit neque. Aenean ut pellentesque enim, nec maximus est. In at pulvinar diam. Donec mollis, urna ut mattis vulputate, ex ex semper sem, nec posuere elit mi ac dolor. Fusce volutpat nisi quis lacus malesuada, a sagittis tortor varius. Praesent eu molestie eros, in fringilla neque. Donec aliquam enim convallis odio blandit varius. In eleifend velit non ex blandit, eget commodo ante auctor. Donec laoreet neque eget mi congue, vel fringilla purus aliquet. In at sem est. Vivamus libero magna, auctor et egestas in, tempus nec velit.\r\n\r\nInterdum et malesuada fames ac ante ipsum primis in faucibus. In et condimentum turpis, sit amet interdum erat. Sed eu tempus dui. Nulla ante orci, fermentum et nibh et, tempus efficitur metus. Nam fermentum posuere ipsum in tempus. Sed ullamcorper lorem risus, eu tempor sem tincidunt sed. Curabitur vel justo ac nisi ullamcorper consectetur. Nulla facilisi. Cras eros nulla, facilisis quis viverra non, sagittis eget arcu. Praesent in augue sed massa facilisis luctus.\r\n\r\nInteger pulvinar sagittis nisl eget lobortis. Vestibulum porta dolor quis ultrices porttitor. Proin non viverra nunc. Fusce non augue quis sem viverra placerat. Aenean placerat odio at nisi iaculis, non elementum magna vulputate. Nunc rhoncus nibh ac justo hendrerit, tempor vestibulum justo facilisis. Aenean tincidunt est non sodales varius. Aliquam erat volutpat. Proin id nunc non libero vulputate rutrum sit amet non lectus.\r\n\r\nCras commodo dignissim nunc sit amet facilisis. Vestibulum bibendum eget nisl id commodo. Integer eget diam at mauris finibus venenatis eu vel libero. Aenean id velit vitae nibh elementum consectetur non eget sapien. Mauris blandit rhoncus sem vitae sagittis. Vestibulum et purus ante. Integer ut dui dictum, accumsan leo vel, euismod erat. Cras orci dolor, mattis non lacinia id, vehicula sed quam.\r\n\r\nPraesent ornare lectus commodo vulputate condimentum. Vestibulum enim mauris, bibendum finibus justo ac, rutrum luctus dolor. Cras elementum nec sem et congue. Cras posuere, nisl nec pellentesque ultrices, nulla lacus feugiat velit, in scelerisque ex odio quis ex. Pellentesque auctor nisl elementum purus iaculis eleifend. Integer finibus nunc a luctus mollis. Aliquam eget semper dui. Nulla pulvinar gravida leo ut dapibus. ',	'2019-03-12 00:00:00',	'2019-03-17 00:00:00',	'https://img.freepik.com/photos-premium/image-galaxie-coloree-dans-ciel-ai-generative_791316-9864.jpg?w=2000',	2,	'6cf23b9d5d0e2660e6c75c9f4a933508108f5b4928f4f60abf40efe0861f9ec3'),
(3,	'Quel est le meilleur jeux de l annee',	'Spoiler  c est pas FarmingSimulator',	'La bataille entre Hogward Legacy et Tear of the kingdom fait rage',	'2023-07-09 00:00:00',	'2023-07-10 00:00:00',	'https://cdn.midjourney.com/214081a7-8818-4467-806d-cd7361106093/grid_0.png',	2,	'6cf23b9d5d0e2660e6c75c9f4a933508108f5b4928f4f60abf40efe0861f9ec3'),
(4,	'fortnite battlepass',	'900 v-bucks',	'ne pas acheter ce truc',	'2023-06-22 08:55:38',	'2023-07-06 00:00:00',	'',	1,	'6cf23b9d5d0e2660e6c75c9f4a933508108f5b4928f4f60abf40efe0861f9ec3'),
(5,	'Fusce bibendum.',	'Aenean aliquam convallis rhoncus. Proin sed sollicitudin risus, a suscipit augue. Donec porta mauris sed sapien convallis gravida. Nulla fermentum posuere purus, non dignissim justo vulputate sed. Proin vestibulum sed arcu sit amet convallis. Nullam suscipit, felis a placerat mollis, libero leo viverra arcu, sit amet condimentum nisi turpis consectetur nulla. Donec est ligula, egestas vitae tempus non, tincidunt quis ligula. Suspendisse rutrum vitae mi quis sollicitudin.',	'Morbi cursus mauris at neque placerat, pharetra suscipit erat convallis. Donec tempus tincidunt enim maximus semper. Mauris mattis erat at tristique vehicula. Etiam consequat, tellus ut porta laoreet, massa mauris ornare sapien, vitae accumsan tellus tellus eget magna. Proin vulputate ipsum diam, at feugiat magna lacinia eu. Praesent faucibus a nibh quis feugiat. Quisque rutrum purus eget leo pulvinar tincidunt. Suspendisse potenti. Pellentesque at porttitor ipsum. Nunc posuere elit purus, in consectetur dui posuere sed.',	NULL,	NULL,	NULL,	4,	'266a5cccb45fcc09b16dfc7e94f3129832b7695ccb3a95b74dd40857a9bbfcb7'),
(6,	'Morbi efficitur faucibus sagittis.',	'Nam euismod elit ante. Sed maximus orci quis ante interdum, ut dictum dui viverra. Donec condimentum dolor ut malesuada facilisis. Donec pulvinar sapien dolor, nec congue turpis bibendum quis. Interdum et malesuada fames ac ante ipsum primis in faucibus. Vivamus mollis euismod lacinia. Donec pharetra, turpis vitae faucibus congue, risus mi auctor erat, et vehicula mauris metus in felis. Quisque dignissim ante eget imperdiet mattis. Aenean nisi purus, rhoncus et imperdiet eu, molestie ac ipsum. Mauris eget blandit risus. Etiam ac pretium augue. Praesent posuere elit sit amet laoreet condimentum. Donec convallis est felis, ut luctus nunc pulvinar id. Mauris dapibus malesuada molestie.',	'In hac habitasse platea dictumst. Cras iaculis mollis tristique. Suspendisse vitae mi dapibus, imperdiet magna in, consequat lorem. Sed condimentum suscipit ornare. Vivamus at dolor lorem. Suspendisse pulvinar, ipsum eget gravida faucibus, augue tellus tempus eros, id aliquet massa ipsum non turpis. Nullam tincidunt lectus ut ante interdum, nec egestas urna posuere. Aenean congue sapien sit amet felis ullamcorper, quis porttitor ipsum blandit. Sed euismod turpis quis turpis scelerisque faucibus. Duis et odio tincidunt, efficitur urna non, accumsan nisl. Phasellus sollicitudin erat turpis, nec laoreet purus luctus vitae. Ut lacinia, orci et egestas maximus, felis magna ultrices sapien, eu sodales urna orci posuere lacus. Maecenas viverra fermentum lacus sed molestie.',	NULL,	NULL,	NULL,	3,	'572d39ef344ea6c504b5f66e46be7cc749c676d2f9d9ceff43c27c6aaa5a10dd'),
(7,	' Sed efficitur purus nec dui maximus tincidunt.',	'In hac habitasse platea dictumst. Cras iaculis mollis tristique. Suspendisse vitae mi dapibus, imperdiet magna in, consequat lorem. Sed condimentum suscipit ornare. Vivamus at dolor lorem. Suspendisse pulvinar, ipsum eget gravida faucibus, augue tellus tempus eros, id aliquet massa ipsum non turpis. Nullam tincidunt lectus ut ante interdum, nec egestas urna posuere. Aenean congue sapien sit amet felis ullamcorper, quis porttitor ipsum blandit. Sed euismod turpis quis turpis scelerisque faucibus. Duis et odio tincidunt, efficitur urna non, accumsan nisl. Phasellus sollicitudin erat turpis, nec laoreet purus luctus vitae. Ut lacinia, orci et egestas maximus, felis magna ultrices sapien, eu sodales urna orci posuere lacus. Maecenas viverra fermentum lacus sed molestie.',	'Proin tincidunt dui sed ante dictum luctus. Orci varius natoque penatibus et magnis dis parturient montes, nascetur ridiculus mus. Aliquam nec venenatis elit. Nulla et quam id nunc viverra tempus. Pellentesque cursus magna sapien, blandit iaculis enim pharetra a. Nulla tincidunt id turpis in dapibus. In porta, nulla sit amet feugiat sodales, justo turpis laoreet dui, non pulvinar nisl risus sed nisi. Nulla eu nisl vulputate, sollicitudin ligula nec, accumsan diam. In vel ullamcorper risus, vitae pharetra nisi. Aliquam erat volutpat. Aliquam nec enim eget dui mattis cursus at ut nulla. Class aptent taciti sociosqu ad litora torquent per conubia nostra, per inceptos himenaeos. Sed vulputate bibendum elit, sed congue erat eleifend quis. Nulla non libero vel urna ultricies faucibus. Duis ut purus interdum, facilisis turpis non, bibendum odio. Sed fringilla ex non libero lobortis, nec gravida dolor pulvinar.',	NULL,	NULL,	NULL,	2,	'a11ef05f220af1d6be0683fdc94a6e54ac4fca8d95b37d2709bdd71a093f6023'),
(8,	'Maecenas auctor cursus arcu nec tincidunt.',	'Aenean sit amet urna eget nisl consectetur ornare non sit amet diam. Curabitur accumsan commodo magna, ut ornare lacus tristique et. Ut ornare sagittis metus sed ultrices. Vivamus nec auctor justo. Suspendisse ornare blandit neque, id venenatis sapien semper non. Cras tincidunt eros eget diam pellentesque, maximus dictum dolor gravida. Vestibulum tincidunt placerat nulla, sed ornare enim dapibus tincidunt. Donec interdum enim in viverra lacinia. Sed molestie a ipsum sed ornare.',	'Phasellus quis eros eleifend, luctus turpis sit amet, tristique nisi. Ut erat justo, commodo at fringilla non, rutrum quis libero. Donec eu urna vitae felis molestie fringilla. Quisque vel tellus vitae nisi congue pulvinar a in leo. Pellentesque dapibus sollicitudin sem ut iaculis. Sed augue magna, maximus a tortor eu, sollicitudin fermentum arcu. Sed dictum sapien id porta cursus. Nam nec ipsum id risus rhoncus euismod sit amet et tellus. Vestibulum vestibulum nisi eget eleifend ornare. Maecenas posuere metus et semper pharetra. Sed pulvinar dolor sit amet risus placerat, nec mollis metus facilisis.',	NULL,	NULL,	NULL,	1,	'572d39ef344ea6c504b5f66e46be7cc749c676d2f9d9ceff43c27c6aaa5a10dd'),
(9,	'Pourquoi, il fait fait chaud en été tout savoir sur les températures',	'BAH LE RÉCHAUFFEMENT CLIMATIQUE',	'Alors sa vient de toute les personnes qui laisse ouvert leur frigo en été pensant que c\'est bon pour la planet',	'2023-06-22 08:53:55',	'2023-07-10 00:00:00',	NULL,	4,	'6cf23b9d5d0e2660e6c75c9f4a933508108f5b4928f4f60abf40efe0861f9ec3'),
(10,	'Bonh',	'fe',	'efza',	'2023-06-21 15:13:29',	'2023-06-21 15:12:46',	NULL,	1,	'bd0723565955cdb8704d30f52d47dd53238a0605f8f6eb1d47fea610f34befcb'),
(11,	'MonPremierArticle',	'Coucou Vous',	'Voici mon premier article',	'2023-06-22 08:48:55',	'2023-06-22 08:48:55',	NULL,	4,	'3c1aec426e5e6644f072c6e89013ec37388ec2344fde481e9e6c5734f9b85297'),
(12,	'undeuxiemetitre',	'undeuxiemeresume',	'mon deuxieme article',	NULL,	'2023-06-22 08:49:51',	NULL,	1,	'3c1aec426e5e6644f072c6e89013ec37388ec2344fde481e9e6c5734f9b85297'),
(13,	'Sed ullamcorper pretium hendrerit. Quisque.',	'Sed eu convallis neque. Fusce eleifend urna sit amet libero ultricies, quis lobortis eros pretium. Curabitur nec tincidunt justo. Vivamus ac sollicitudin enim. Suspendisse non purus vitae ipsum vestibulum rutrum.',	'Lorem ipsum dolor sit amet, consectetur adipiscing elit. Etiam vulputate placerat massa, quis gravida massa. Donec lectus arcu, aliquet in sollicitudin eu, iaculis interdum sem. Mauris lobortis, augue ac porta cursus, metus leo aliquet arcu, vitae consequat leo turpis id erat. Etiam nec lacus faucibus enim gravida faucibus. Sed et ante vel orci placerat eleifend nec porttitor ipsum. Proin risus sapien, porttitor ut diam non, aliquam egestas velit. Cras tincidunt ipsum et nisl facilisis ultrices. Vestibulum eu fermentum nunc. Donec vel vehicula mi. Etiam vitae nisi ut purus rhoncus dignissim.\r\n\r\nSed nibh orci, pulvinar nec nunc at, luctus efficitur nibh. Sed rhoncus mi erat, non lacinia nibh semper id. Aliquam id orci vestibulum arcu venenatis ullamcorper ut id diam. Maecenas a eros tristique, pellentesque arcu in, tempor velit. Donec posuere accumsan ipsum, sit amet porta elit tristique et. Quisque dapibus bibendum urna, non cursus lectus consectetur sit amet. Aliquam rutrum, velit ac tincidunt rutrum, eros orci imperdiet lacus, id congue lectus magna eget sem. Mauris mollis mollis ex vel cursus. Cras non lorem vel tortor bibendum convallis vitae non justo. Phasellus molestie molestie porttitor. Morbi eu bibendum nunc. Aenean est magna, pretium vel hendrerit a, finibus sed lacus.\r\n\r\nPellentesque id ornare felis. Phasellus pulvinar consectetur elit, vitae sagittis erat dignissim eu. Praesent viverra nisl magna. Sed facilisis auctor velit pretium dictum. Morbi non sodales ante, posuere convallis diam. Mauris non eros non ex pretium dignissim quis sed justo. Sed pellentesque odio vulputate, congue libero et, dictum dui. Suspendisse iaculis urna a ornare tincidunt.',	'2023-06-22 09:16:23',	'2023-06-22 09:16:23',	'https://geekalition.com/wp-content/uploads/2022/08/wormhole-2514312_1920-1536x864-1-930x620.webp',	1,	'6cf23b9d5d0e2660e6c75c9f4a933508108f5b4928f4f60abf40efe0861f9ec3'),
(14,	'utgfyuhthuoirghurihg ujrhgujhujrh giktrnjlrd',	'cest la vie',	'dsqgdfyghjghcb ',	'2023-06-22 09:30:25',	'2023-06-22 09:30:25',	NULL,	2,	'6cf23b9d5d0e2660e6c75c9f4a933508108f5b4928f4f60abf40efe0861f9ec3');

-- 2023-06-22 13:22:07
